주소,x,y
서울특별시 종로구,126.97899,37.57350424
서울특별시 중구,126.9975552,37.56380777
서울특별시 용산구,126.9905823,37.53243104
서울특별시 성동구,127.0369301,37.56342721
서울특별시 광진구,127.0823852,37.53855831
서울특별시 동대문구,127.039657,37.57452298
서울특별시 중랑구,127.0928203,37.60654324
서울특별시 성북구,127.0167029,37.58935882
서울특별시 강북구,127.0255381,37.63975133
서울특별시 도봉구,127.0472105,37.66869141
서울특별시 노원구,127.0564305,37.65436176
서울특별시 은평구,126.928941,37.60281744
서울특별시 서대문구,126.9368157,37.57916186
서울특별시 마포구,126.9019551,37.56621419
서울특별시 양천구,126.8665014,37.51698848
서울특별시 강서구,126.8495338,37.55096462
서울특별시 구로구,126.8875053,37.49543309
서울특별시 금천구,126.8954568,37.45684115
서울특별시 영등포구,126.8962784,37.52636718
서울특별시 동작구,126.9393151,37.51248204
서울특별시 관악구,126.9515619,37.47836838
서울특별시 서초구,127.0326893,37.48358882
서울특별시 강남구,127.0473774,37.51733193
서울특별시 송파구,127.1059222,37.51459092
서울특별시 강동구,127.1237925,37.53019332
부산광역시 중구,129.0323731,35.10622698
부산광역시 서구,129.0242984,35.09792352
부산광역시 동구,129.0453058,35.1292668
부산광역시 영도구,129.0678888,35.09123989
부산광역시 부산진구,129.0531654,35.16285545
부산광역시 동래구,129.0938578,35.19630156
부산광역시 남구,129.0842428,35.13652979
부산광역시 북구,128.9900366,35.19729594
부산광역시 해운대구,129.1635961,35.16306667
부산광역시 사하구,128.974933,35.1044479
부산광역시 금정구,129.0921041,35.24277705
부산광역시 강서구,128.9805706,35.21219795
부산광역시 연제구,129.0797459,35.17621119
부산광역시 수영구,129.113134,35.14553823
부산광역시 사상구,128.9914565,35.15254918
부산광역시 기장군,129.2224221,35.2444181
대구광역시 중구,128.6062205,35.86938925
대구광역시 동구,128.6355241,35.88662362
대구광역시 서구,128.5591542,35.87166758
대구광역시 남구,128.5976786,35.84604099
대구광역시 북구,128.5829049,35.88567067
대구광역시 수성구,128.6306355,35.8581745
대구광역시 달서구,128.532774,35.8298872
대구광역시 달성군,128.4312201,35.77447387
인천광역시 중구,126.621704,37.47366053
인천광역시 동구,126.6432819,37.47386099
인천광역시 남구,126.6649719,37.45707564
인천광역시 연수구,126.6782748,37.41010498
인천광역시 남동구,126.7314877,37.44734879
인천광역시 부평구,126.7218642,37.50704166
인천광역시 계양구,126.7377092,37.53750289
인천광역시 서구,126.6760285,37.54543352
인천광역시 강화군,126.4880396,37.7465684
인천광역시 옹진군,124.6700861,37.953465
광주광역시 동구,126.9230951,35.14616667
광주광역시 서구,126.8901875,35.15207227
광주광역시 남구,126.9024493,35.13290539
광주광역시 북구,126.9120121,35.17417337
광주광역시 광산구,126.7936334,35.13954719
대전광역시 동구,127.4548071,36.31177684
대전광역시 중구,127.4213399,36.32578123
대전광역시 서구,127.3837897,36.35549872
대전광역시 유성구,127.3562576,36.36228511
대전광역시 대덕구,127.4155619,36.34670513
울산광역시 중구,129.3324941,35.56933523
울산광역시 남구,129.3300918,35.5438097
울산광역시 동구,129.4164878,35.50463588
울산광역시 북구,129.3611467,35.582747
울산광역시 울주군,129.1502671,35.60181577
세종특별자치시 세종시,127.2891953,36.48006491
경기도 수원시,127.0287159,37.26358468
경기도 성남시,127.1265163,37.41992491
경기도 의정부시,127.0338991,37.73805664
경기도 안양시,126.9568605,37.3942588
경기도 부천시,126.7660385,37.50351178
경기도 광명시,126.8646478,37.47856748
경기도 평택시,127.1126884,36.99226067
경기도 동두천시,127.0604407,37.90359865
경기도 안산시,126.8308344,37.32190855
경기도 고양시,126.8319551,37.6584181
경기도 과천시,126.987712,37.4292292
경기도 구리시,127.1296464,37.59435958
경기도 남양주시,127.2164803,37.63602723
경기도 오산시,127.0775265,37.14987902
경기도 시흥시,126.8029778,37.38011507
경기도 군포시,126.9352059,37.36163183
경기도 의왕시,126.9682738,37.34476005
경기도 하남시,127.2148606,37.53927457
경기도 용인시,127.1774823,37.24102998
경기도 파주시,126.7798768,37.76004138
경기도 이천시,127.4350893,37.27226759
경기도 안성시,127.2797903,37.0080705
경기도 김포시,126.7156579,37.61526869
경기도 화성시,126.8314774,37.1995372
경기도 광주시,127.2551387,37.42939419
경기도 양주시,127.0457861,37.7853137
경기도 포천시,127.2003329,37.89499283
경기도 여주시,127.6370588,37.29842337
경기도 연천군,127.0753512,38.09651865
경기도 가평군,127.5095702,37.83144131
경기도 양평군,127.4875785,37.49178829
강원도 춘천시,127.730207,37.88124403
강원도 원주시,127.9200971,37.34204759
강원도 강릉시,128.8759061,37.75210808
강원도 동해시,129.1142993,37.5247415
강원도 태백시,128.9857253,37.16400742
강원도 속초시,128.5919386,38.20689434
강원도 삼척시,129.1651117,37.4498976
강원도 홍천군,127.8886841,37.69716732
강원도 횡성군,127.98508,37.49178316
강원도 영월군,128.4617839,37.18368604
강원도 평창군,128.3901618,37.37078204
강원도 정선군,128.6608136,37.3805845
강원도 철원군,127.3133799,38.14679199
강원도 화천군,127.7081506,38.10618195
강원도 양구군,127.9899506,38.11000128
강원도 인제군,128.1703515,38.06970974
강원도 고성군,128.4678663,38.38059243
강원도 양양군,128.6190799,38.07551117
충청북도 충주시,127.925961,36.99104902
충청북도 제천시,128.190985,37.13265777
충청북도 청주시,127.4890202,36.64248713
충청북도 보은군,127.7294988,36.48943535
충청북도 옥천군,127.571345,36.30643556
충청북도 영동군,127.7834386,36.17499282
충청북도 진천군,127.4355406,36.85538618
충청북도 괴산군,127.7866522,36.81535716
충청북도 음성군,127.69048,36.94032188
충청북도 단양군,128.365537,36.98463262
충청북도 증평군,127.5815399,36.78540237
충청남도 천안시,127.113912,36.81506788
충청남도 공주시,127.119055,36.44655512
충청남도 보령시,126.6127593,36.33333669
충청남도 아산시,127.0025096,36.78997417
충청남도 서산시,126.4503339,36.7848763
충청남도 논산시,127.0987347,36.1871836
충청남도 계룡시,127.2485426,36.274559
충청남도 당진시,126.6458884,36.88967486
충청남도 금산군,127.4879746,36.1088634
충청남도 부여군,126.9097728,36.27576372
충청남도 서천군,126.691852,36.08031555
충청남도 청양군,126.8022002,36.4592147
충청남도 홍성군,126.6608324,36.60135756
충청남도 예산군,126.8486422,36.6826228
충청남도 태안군,126.2979261,36.74560468
전라북도 전주시,127.1481438,35.82407315
전라북도 군산시,126.7368405,35.96746656
전라북도 익산시,126.9577445,35.94826286
전라북도 정읍시,126.8560056,35.56987803
전라북도 남원시,127.3903964,35.41636275
전라북도 김제시,126.8806551,35.80358528
전라북도 완주군,127.162119,35.9048146
전라북도 진안군,127.4248655,35.7917723
전라북도 무주군,127.6608063,36.00684374
전라북도 장수군,127.5215991,35.64734798
전라북도 임실군,127.2890875,35.61785451
전라북도 순창군,127.1373649,35.37444523
전라북도 고창군,126.7021204,35.43569822
전라북도 부안군,126.7330202,35.73166142
전라남도 목포시,126.392266,34.81182388
전라남도 여수시,127.6623313,34.76040106
전라남도 순천시,127.4873829,34.95060978
전라남도 나주시,126.7108293,35.01589769
전라남도 광양시,127.6959308,34.94042525
전라남도 담양군,126.9882107,35.32121077
전라남도 곡성군,127.2919296,35.28202584
전라남도 구례군,127.4627036,35.20249636
전라남도 고흥군,127.2849687,34.61108202
전라남도 보성군,127.0798327,34.77132024
전라남도 화순군,126.9865024,35.06451198
전라남도 장흥군,126.9070584,34.68161207
전라남도 강진군,126.7672135,34.64206153
전라남도 해남군,126.5992701,34.57351659
전라남도 영암군,126.6967626,34.80005911
전라남도 무안군,126.4817048,34.99034062
전라남도 함평군,126.5166248,35.06591117
전라남도 영광군,126.5120138,35.27719003
전라남도 장성군,126.7849189,35.30185768
전라남도 완도군,126.7549987,34.31097892
전라남도 진도군,126.2634462,34.48682862
전라남도 신안군,126.351408,34.83364292
경상북도 포항시,129.3431646,36.01899543
경상북도 경주시,129.2247817,35.85621846
경상북도 김천시,128.1136245,36.13988817
경상북도 안동시,128.7295874,36.56846076
경상북도 구미시,128.3442464,36.11957085
경상북도 영주시,128.623937,36.80561928
경상북도 영천시,128.9385509,35.9732205
경상북도 상주시,128.1591451,36.4109398
경상북도 문경시,128.1867719,36.58652737
경상북도 경산시,128.7413166,35.82508159
경상북도 군위군,128.5728148,36.24291309
경상북도 의성군,128.6970778,36.35271644
경상북도 청송군,129.0570706,36.43622996
경상북도 영양군,129.1125102,36.66670286
경상북도 영덕군,129.3653068,36.41506188
경상북도 청도군,128.7340153,35.64738481
경상북도 고령군,128.2628958,35.72606532
경상북도 성주군,128.2829346,35.9190934
경상북도 칠곡군,128.4016622,35.99558969
경상북도 예천군,128.4529249,36.65765386
경상북도 봉화군,128.7323867,36.8931351
경상북도 울진군,129.400547,36.99303492
경상북도 울릉군,130.9057218,37.48444129
경상남도 진주시,128.1077063,35.18022283
경상남도 통영시,128.4331492,34.85444482
경상남도 사천시,128.0642126,35.00367718
경상남도 김해시,128.8893627,35.22856536
경상남도 밀양시,128.7466075,35.50381727
경상남도 거제시,128.6211295,34.88053905
경상남도 양산시,129.0372728,35.33499206
경상남도 창원시,128.6818341,35.22793981
경상남도 의령군,128.2616865,35.32223522
경상남도 함안군,128.4064235,35.27240684
경상남도 창녕군,128.4921681,35.54461538
경상남도 고성군,128.3223613,34.97306184
경상남도 남해군,127.8926532,34.83771055
경상남도 하동군,127.751308,35.0673056
경상남도 산청군,127.87335,35.41553039
경상남도 함양군,127.7251605,35.52052717
경상남도 거창군,127.909503,35.68668463
경상남도 합천군,128.1657908,35.56667034
제주특별자치도 제주시,126.5311711,33.49953424
제주특별자치도 서귀포시,126.5595635,33.25406463
